postulacion_id,candidato_id,oferta_id,fecha_postulacion,estado_postulacion,dias_hasta_respuesta
1,794,284,2024-05-29,Entrevista,15
2,563,362,2024-09-11,Entrevista,43
3,623,312,2024-02-24,Contratada,16
4,648,23,2024-07-17,En revisión,30
5,1047,315,2024-10-23,En revisión,15
6,392,174,2024-09-16,En revisión,1
7,998,227,2024-03-23,En revisión,11
8,447,52,2024-07-24,En revisión,41
9,88,349,2024-07-12,Rechazada,29
10,68,184,2024-03-19,Enviada,
11,1075,245,2024-05-24,Entrevista,34
12,561,364,2024-06-14,Rechazada,3
13,638,189,2024-11-02,Contratada,14
14,215,40,2024-07-07,En revisión,31
15,106,334,2024-03-24,Contratada,10
16,465,332,2024-02-26,Rechazada,13
17,821,275,2024-03-30,Contratada,21
18,806,398,2024-03-10,Entrevista,3
19,1194,328,2024-09-18,En revisión,40
20,915,276,2024-04-13,Enviada,
21,476,328,2024-06-16,Contratada,23
22,874,263,2024-08-29,En revisión,31
23,1177,151,2024-05-29,Enviada,
24,867,372,2024-07-02,Rechazada,2
25,136,222,2024-04-09,En revisión,40
26,654,246,2024-10-13,En revisión,33
27,427,61,2024-10-13,En revisión,24
28,928,362,2024-04-16,Contratada,43
29,900,120,2024-08-20,Enviada,
30,1146,397,2024-02-20,Rechazada,9
31,1157,46,2024-08-07,En revisión,43
32,624,329,2024-05-27,Enviada,
33,465,90,2024-08-11,En revisión,24
34,142,282,2024-06-10,En revisión,35
35,507,299,2024-08-18,En revisión,2
36,956,107,2024-08-15,En revisión,31
37,522,200,2024-04-03,Enviada,
38,708,381,2024-08-01,Entrevista,35
39,581,333,2024-10-07,Enviada,
40,549,380,2024-03-30,Contratada,28
41,131,227,2024-02-07,Enviada,
42,331,85,2024-03-20,Enviada,
43,829,290,2024-06-26,Entrevista,7
44,467,391,2024-06-20,En revisión,43
45,983,198,2024-03-01,Rechazada,38
46,523,288,2024-10-07,En revisión,29
47,590,14,2024-04-06,Rechazada,38
48,257,275,2024-06-03,En revisión,13
49,59,78,2024-07-28,En revisión,2
50,1178,372,2024-08-15,Entrevista,12
51,239,286,2024-08-31,Rechazada,25
52,927,236,2024-08-12,Enviada,
53,851,212,2024-03-11,En revisión,1
54,286,161,2024-06-03,Rechazada,18
55,357,17,2024-04-06,Enviada,
56,274,349,2024-05-23,Rechazada,18
57,1115,21,2024-05-17,Enviada,
58,897,217,2024-09-03,Entrevista,32
59,734,317,2024-03-20,Rechazada,31
60,927,315,2024-04-17,Enviada,
61,624,142,2024-04-02,Rechazada,18
62,602,14,2024-05-19,Entrevista,16
63,718,33,2024-08-21,Entrevista,24
64,890,158,2024-08-11,Enviada,
65,108,57,2024-06-06,Entrevista,32
66,263,195,2024-11-17,En revisión,38
67,731,377,2024-08-14,Contratada,40
68,686,183,2024-04-21,Entrevista,41
69,375,249,2024-08-11,Rechazada,17
70,190,153,2024-02-14,Entrevista,14
71,1122,166,2024-05-02,Enviada,
72,686,176,2024-05-17,Enviada,
73,556,400,2024-06-10,En revisión,36
74,818,247,2024-10-31,Enviada,
75,1098,118,2024-07-03,Entrevista,31
76,494,120,2024-08-03,Enviada,
77,566,194,2024-03-14,Rechazada,24
78,988,150,2024-05-12,Entrevista,10
79,733,48,2024-09-22,Enviada,
80,1078,265,2024-07-12,Entrevista,14
81,131,69,2024-02-05,Rechazada,19
82,29,299,2024-06-04,En revisión,29
83,1015,334,2024-03-20,En revisión,33
84,398,27,2024-08-10,Rechazada,33
85,106,31,2024-11-01,Enviada,
86,984,125,2024-05-16,Enviada,
87,1193,44,2024-03-05,En revisión,17
88,469,222,2024-08-30,Entrevista,11
89,213,8,2024-11-07,Entrevista,5
90,1124,234,2024-08-26,Enviada,
91,1075,164,2024-04-06,En revisión,22
92,931,28,2024-11-07,En revisión,42
93,5,74,2024-11-23,Rechazada,43
94,406,126,2024-03-08,Contratada,24
95,540,92,2024-05-11,Rechazada,1
96,828,18,2024-05-10,Enviada,
97,112,95,2024-09-09,Contratada,22
98,687,357,2024-07-17,Enviada,
99,283,87,2024-03-20,En revisión,7
100,593,79,2024-08-28,Enviada,
101,984,19,2024-03-10,Enviada,
102,525,164,2024-11-16,Rechazada,10
103,40,49,2024-08-24,Contratada,28
104,512,106,2024-10-23,Rechazada,10
105,264,70,2024-06-22,Rechazada,3
106,65,164,2024-11-27,En revisión,9
107,378,341,2024-08-09,Enviada,
108,774,72,2024-03-20,Rechazada,43
109,95,39,2024-05-17,Enviada,
110,525,274,2024-05-25,En revisión,37
111,207,99,2024-04-30,En revisión,24
112,372,265,2024-03-31,En revisión,14
113,325,125,2024-06-10,Rechazada,22
114,844,348,2024-04-05,En revisión,14
115,624,96,2024-07-02,Entrevista,20
116,907,220,2024-04-29,Rechazada,17
117,1196,263,2024-05-09,En revisión,18
118,357,382,2024-11-25,Enviada,
119,731,127,2024-09-20,En revisión,41
120,970,321,2024-06-04,Contratada,18
121,1174,282,2024-08-03,Entrevista,12
122,967,119,2024-03-19,En revisión,22
123,364,197,2024-08-25,Contratada,24
124,681,289,2024-06-16,Rechazada,32
125,799,81,2024-06-06,En revisión,41
126,1047,32,2024-09-01,Entrevista,27
127,615,54,2024-08-08,En revisión,15
128,511,208,2024-08-08,Rechazada,11
129,591,227,2024-06-18,Rechazada,26
130,890,369,2024-05-30,En revisión,22
131,427,288,2024-08-27,Entrevista,9
132,1181,283,2024-06-07,Rechazada,10
133,594,104,2024-08-17,Rechazada,32
134,309,153,2024-10-01,Enviada,
135,168,81,2024-09-02,Entrevista,13
136,1121,115,2024-05-19,En revisión,43
137,587,211,2024-10-14,Entrevista,28
138,505,343,2024-08-30,Entrevista,7
139,806,375,2024-07-01,Entrevista,37
140,964,303,2024-11-06,Entrevista,43
141,159,213,2024-05-25,Enviada,
142,1025,43,2024-10-21,Enviada,
143,403,356,2024-02-15,Entrevista,16
144,48,255,2024-09-30,Rechazada,9
145,778,31,2024-04-26,Entrevista,1
146,196,141,2024-09-04,Entrevista,31
147,1135,365,2024-04-12,Enviada,
148,792,375,2024-05-17,En revisión,8
149,270,63,2024-08-22,Contratada,13
150,610,396,2024-05-05,En revisión,21
151,570,74,2024-04-25,Rechazada,25
152,608,177,2024-05-16,Rechazada,13
153,223,236,2024-11-26,Enviada,
154,616,6,2024-11-20,En revisión,17
155,1036,341,2024-03-28,Enviada,
156,372,329,2024-08-15,En revisión,19
157,1162,236,2024-08-28,Enviada,
158,925,345,2024-11-08,Enviada,
159,460,112,2024-03-28,En revisión,3
160,215,200,2024-07-29,Enviada,
161,1170,15,2024-06-06,Enviada,
162,1163,309,2024-11-26,En revisión,3
163,167,100,2024-06-19,En revisión,18
164,442,244,2024-09-02,Contratada,31
165,421,352,2024-03-23,En revisión,19
166,94,289,2024-06-15,Entrevista,6
167,128,37,2024-10-10,Rechazada,39
168,444,20,2024-06-08,Enviada,
169,1115,47,2024-02-06,Enviada,
170,580,297,2024-03-14,Rechazada,2
171,98,160,2024-04-23,Rechazada,3
172,309,272,2024-09-01,Entrevista,27
173,244,207,2024-02-17,Contratada,5
174,82,127,2024-04-03,En revisión,13
175,529,257,2024-07-18,Rechazada,20
176,1134,134,2024-03-02,Rechazada,14
177,654,102,2024-03-03,Enviada,
178,980,290,2024-03-21,Contratada,32
179,205,106,2024-08-14,Contratada,4
180,164,166,2024-03-22,Rechazada,45
181,177,254,2024-04-10,Enviada,
182,201,299,2024-02-09,Rechazada,9
183,622,238,2024-02-03,Rechazada,11
184,1067,285,2024-03-17,Rechazada,19
185,189,62,2024-10-31,Enviada,
186,941,324,2024-04-10,En revisión,32
187,154,396,2024-05-20,Contratada,28
188,976,262,2024-08-13,En revisión,19
189,878,97,2024-06-02,Entrevista,36
190,164,20,2024-10-13,Contratada,20
191,228,337,2024-04-03,Contratada,37
192,587,87,2024-04-18,En revisión,8
193,714,146,2024-03-10,Rechazada,16
194,169,172,2024-02-27,En revisión,27
195,888,339,2024-03-06,Enviada,
196,833,281,2024-07-26,En revisión,22
197,343,166,2024-10-12,Enviada,
198,639,39,2024-08-05,Enviada,
199,580,250,2024-03-05,Rechazada,30
200,1196,278,2024-06-21,Entrevista,34
201,1077,184,2024-06-24,En revisión,33
202,1168,307,2024-03-01,En revisión,2
203,757,55,2024-07-24,Entrevista,28
204,925,179,2024-08-24,Contratada,14
205,749,187,2024-07-01,Rechazada,10
206,378,230,2024-03-16,Entrevista,30
207,320,200,2024-08-04,En revisión,26
208,752,14,2024-02-05,En revisión,31
209,47,340,2024-06-30,Enviada,
210,563,57,2024-02-03,Rechazada,25
211,1043,332,2024-09-03,Contratada,12
212,534,21,2024-10-20,Rechazada,29
213,211,3,2024-08-29,Enviada,
214,838,278,2024-06-19,Entrevista,7
215,996,70,2024-02-04,Entrevista,31
216,835,87,2024-03-28,Enviada,
217,250,180,2024-04-23,Rechazada,9
218,470,74,2024-05-03,Entrevista,12
219,1139,80,2024-11-01,En revisión,18
220,965,168,2024-10-27,Rechazada,13
221,734,311,2024-07-02,Entrevista,3
222,3,140,2024-11-10,Enviada,
223,549,232,2024-03-31,Entrevista,15
224,764,53,2024-06-06,Rechazada,23
225,61,397,2024-07-13,En revisión,29
226,299,85,2024-10-29,Rechazada,38
227,269,4,2024-09-11,Rechazada,19
228,241,328,2024-08-03,Rechazada,32
229,1140,21,2024-09-25,Entrevista,34
230,493,15,2024-11-03,Enviada,
231,36,38,2024-07-03,Enviada,
232,210,319,2024-07-18,En revisión,16
233,618,40,2024-04-05,Entrevista,33
234,196,336,2024-09-28,En revisión,36
235,840,233,2024-04-06,En revisión,36
236,75,90,2024-10-19,Enviada,
237,1138,313,2024-08-16,En revisión,15
238,706,255,2024-11-13,Contratada,42
239,52,345,2024-09-25,Contratada,36
240,1199,396,2024-04-15,Enviada,
241,200,114,2024-09-15,Rechazada,17
242,491,369,2024-11-21,En revisión,1
243,654,170,2024-07-26,Entrevista,32
244,763,304,2024-02-11,Entrevista,35
245,570,96,2024-02-01,Entrevista,27
246,881,291,2024-07-02,Entrevista,23
247,314,267,2024-11-05,Entrevista,28
248,31,194,2024-02-25,Enviada,
249,796,170,2024-06-03,En revisión,15
250,927,388,2024-09-15,En revisión,3
251,170,205,2024-09-15,En revisión,27
252,191,115,2024-11-13,En revisión,5
253,613,301,2024-03-01,Rechazada,9
254,733,113,2024-10-20,Entrevista,18
255,399,246,2024-04-23,Rechazada,41
256,815,152,2024-09-23,En revisión,32
257,370,166,2024-02-05,Rechazada,35
258,578,346,2024-04-13,Enviada,
259,514,90,2024-10-20,En revisión,1
260,66,141,2024-04-05,Enviada,
261,631,57,2024-07-25,Rechazada,16
262,816,308,2024-10-31,Enviada,
263,693,162,2024-11-26,Entrevista,2
264,787,90,2024-11-15,Rechazada,25
265,31,84,2024-08-07,En revisión,29
266,126,123,2024-05-20,Contratada,15
267,296,318,2024-06-29,Rechazada,23
268,372,114,2024-07-14,Rechazada,41
269,1102,72,2024-05-26,Entrevista,3
270,573,11,2024-04-12,Contratada,39
271,892,201,2024-03-18,Enviada,
272,907,81,2024-07-01,Enviada,
273,322,308,2024-04-08,Enviada,
274,55,155,2024-09-25,Enviada,
275,1110,394,2024-04-02,Enviada,
276,736,351,2024-05-01,En revisión,26
277,784,310,2024-02-03,En revisión,26
278,454,65,2024-02-17,Rechazada,14
279,249,119,2024-10-14,Entrevista,3
280,619,273,2024-08-02,Rechazada,1
281,379,78,2024-03-20,Enviada,
282,1199,25,2024-06-02,Enviada,
283,499,109,2024-05-26,En revisión,32
284,998,44,2024-02-02,Entrevista,4
285,45,95,2024-07-24,Rechazada,28
286,204,193,2024-07-24,Enviada,
287,772,367,2024-06-23,Rechazada,45
288,1009,33,2024-08-07,Entrevista,23
289,634,2,2024-11-23,Rechazada,40
290,293,117,2024-07-26,Enviada,
291,445,70,2024-03-14,Rechazada,25
292,960,239,2024-10-31,Contratada,5
293,584,170,2024-09-13,En revisión,19
294,502,228,2024-04-01,Enviada,
295,606,388,2024-03-25,En revisión,6
296,925,256,2024-09-03,En revisión,28
297,697,30,2024-09-29,En revisión,42
298,857,35,2024-11-21,Enviada,
299,328,284,2024-07-14,Enviada,
300,977,281,2024-03-09,Enviada,
301,123,80,2024-03-07,Enviada,
302,234,201,2024-11-07,Entrevista,44
303,905,13,2024-10-02,En revisión,41
304,876,105,2024-04-10,En revisión,10
305,407,351,2024-11-03,Entrevista,23
306,1200,80,2024-04-11,Enviada,
307,776,326,2024-06-25,Entrevista,42
308,1050,189,2024-10-12,En revisión,6
309,171,147,2024-07-09,Rechazada,13
310,45,21,2024-06-05,Enviada,
311,929,173,2024-06-05,Rechazada,37
312,1102,290,2024-04-17,Contratada,16
313,150,107,2024-09-11,Enviada,
314,706,307,2024-10-15,Rechazada,25
315,779,314,2024-10-03,En revisión,35
316,529,53,2024-11-10,Entrevista,13
317,1018,212,2024-03-08,En revisión,22
318,431,269,2024-03-20,Enviada,
319,202,399,2024-02-16,En revisión,25
320,724,84,2024-08-20,Rechazada,19
321,377,221,2024-05-23,En revisión,24
322,131,74,2024-06-23,Entrevista,21
323,708,113,2024-06-07,Contratada,32
324,749,345,2024-08-16,En revisión,40
325,962,211,2024-09-13,En revisión,33
326,602,302,2024-04-25,En revisión,18
327,1184,148,2024-04-02,Rechazada,2
328,629,209,2024-07-11,Entrevista,1
329,847,297,2024-11-17,Enviada,
330,858,168,2024-07-20,En revisión,8
331,293,345,2024-09-03,Enviada,
332,259,385,2024-09-01,En revisión,32
333,368,306,2024-07-13,Contratada,45
334,45,315,2024-05-21,En revisión,17
335,552,71,2024-11-21,Enviada,
336,226,155,2024-08-09,En revisión,1
337,382,76,2024-06-29,Rechazada,32
338,946,282,2024-02-04,Contratada,19
339,707,253,2024-09-25,Rechazada,9
340,766,60,2024-06-29,Rechazada,45
341,107,235,2024-05-28,Enviada,
342,1085,69,2024-09-19,Enviada,
343,1138,349,2024-04-14,Rechazada,16
344,396,228,2024-04-20,Entrevista,45
345,115,291,2024-06-18,Rechazada,21
346,132,368,2024-10-07,Contratada,26
347,912,7,2024-08-27,En revisión,41
348,450,344,2024-10-24,Enviada,
349,874,103,2024-03-06,Enviada,
350,284,78,2024-02-26,Enviada,
351,1061,150,2024-06-17,Entrevista,9
352,795,130,2024-11-05,Rechazada,14
353,420,386,2024-09-19,En revisión,44
354,1181,196,2024-10-18,Enviada,
355,341,354,2024-08-26,Entrevista,32
356,176,358,2024-02-05,En revisión,22
357,519,311,2024-09-10,Contratada,39
358,273,13,2024-08-08,Entrevista,27
359,574,291,2024-02-27,Rechazada,8
360,385,75,2024-08-08,En revisión,6
361,1155,111,2024-02-01,En revisión,5
362,222,170,2024-03-28,En revisión,31
363,707,272,2024-03-02,Rechazada,35
364,100,111,2024-10-18,Contratada,37
365,74,147,2024-03-06,En revisión,4
366,578,32,2024-03-04,En revisión,23
367,831,198,2024-07-24,Rechazada,5
368,438,170,2024-03-24,Enviada,
369,563,264,2024-10-02,Entrevista,20
370,939,164,2024-02-26,En revisión,13
371,87,320,2024-03-24,Entrevista,26
372,1058,163,2024-09-17,En revisión,8
373,998,231,2024-02-19,Entrevista,6
374,77,80,2024-03-24,Rechazada,26
375,1080,356,2024-05-15,Entrevista,31
376,211,224,2024-08-06,Enviada,
377,1057,200,2024-10-22,En revisión,28
378,232,44,2024-09-28,Entrevista,25
379,899,183,2024-10-24,Entrevista,13
380,408,82,2024-10-01,En revisión,3
381,658,15,2024-11-01,En revisión,14
382,768,98,2024-11-03,En revisión,5
383,713,217,2024-04-17,En revisión,35
384,757,127,2024-06-02,En revisión,16
385,1185,336,2024-10-18,Entrevista,11
386,579,82,2024-04-13,En revisión,7
387,959,398,2024-07-21,Rechazada,36
388,89,35,2024-11-03,Rechazada,18
389,872,220,2024-05-17,Entrevista,1
390,415,4,2024-10-21,Enviada,
391,699,105,2024-09-24,Enviada,
392,367,246,2024-09-08,Rechazada,38
393,1148,332,2024-07-12,En revisión,5
394,760,379,2024-04-25,Rechazada,21
395,258,266,2024-07-03,En revisión,28
396,219,123,2024-11-05,Enviada,
397,957,98,2024-02-04,Contratada,35
398,1156,242,2024-02-05,Enviada,
399,936,392,2024-11-11,Rechazada,11
400,991,244,2024-03-31,Entrevista,8
401,1027,150,2024-04-06,Enviada,
402,985,335,2024-08-18,Entrevista,13
403,3,400,2024-02-05,Entrevista,29
404,170,75,2024-04-13,Enviada,
405,571,73,2024-06-28,Enviada,
406,1002,111,2024-02-27,Rechazada,23
407,991,355,2024-09-28,Rechazada,7
408,875,62,2024-11-25,Rechazada,41
409,973,56,2024-09-10,En revisión,23
410,817,207,2024-08-27,Rechazada,19
411,84,311,2024-08-12,Entrevista,34
412,481,100,2024-06-16,En revisión,2
413,36,315,2024-04-18,Rechazada,11
414,577,71,2024-08-13,Contratada,44
415,747,101,2024-05-13,Rechazada,45
416,374,66,2024-11-23,Rechazada,5
417,530,125,2024-02-07,Contratada,30
418,44,186,2024-10-02,Rechazada,43
419,499,216,2024-03-30,Enviada,
420,686,253,2024-11-27,Rechazada,8
421,170,169,2024-03-21,Enviada,
422,90,36,2024-04-18,En revisión,27
423,19,16,2024-04-09,Entrevista,26
424,715,287,2024-05-17,Entrevista,43
425,536,240,2024-09-21,Contratada,36
426,417,113,2024-10-17,En revisión,33
427,424,184,2024-03-17,Entrevista,39
428,383,56,2024-08-25,En revisión,31
429,1168,47,2024-08-15,Rechazada,16
430,1035,212,2024-08-17,Contratada,19
431,492,80,2024-05-17,Enviada,
432,188,254,2024-08-27,Rechazada,28
433,748,75,2024-04-13,Rechazada,20
434,805,276,2024-04-26,En revisión,32
435,264,149,2024-02-18,Enviada,
436,290,11,2024-02-26,Entrevista,6
437,623,342,2024-02-09,Rechazada,21
438,177,302,2024-07-23,Enviada,
439,574,107,2024-10-11,Rechazada,8
440,821,334,2024-03-01,En revisión,42
441,406,121,2024-09-03,En revisión,42
442,445,196,2024-05-13,Entrevista,1
443,184,30,2024-02-20,Enviada,
444,108,270,2024-05-31,Rechazada,5
445,1133,228,2024-02-02,Entrevista,20
446,1089,23,2024-05-29,Enviada,
447,688,358,2024-03-05,Contratada,22
448,1114,308,2024-02-26,Rechazada,40
449,472,26,2024-05-23,Contratada,41
450,909,214,2024-06-04,En revisión,27
451,807,88,2024-02-13,Entrevista,33
452,169,72,2024-09-07,Contratada,34
453,137,179,2024-11-19,Rechazada,20
454,940,358,2024-09-22,Contratada,1
455,712,368,2024-03-17,En revisión,3
456,715,349,2024-05-19,Entrevista,44
457,501,5,2024-09-09,Rechazada,32
458,416,310,2024-10-15,En revisión,19
459,286,49,2024-04-04,Entrevista,20
460,287,342,2024-05-30,En revisión,31
461,836,376,2024-02-15,Rechazada,7
462,831,249,2024-03-22,En revisión,33
463,1015,246,2024-04-05,En revisión,43
464,1088,278,2024-05-21,Rechazada,27
465,484,222,2024-08-02,Entrevista,2
466,180,374,2024-04-23,Rechazada,30
467,823,89,2024-05-05,Entrevista,28
468,886,223,2024-10-21,En revisión,1
469,1168,359,2024-09-17,Rechazada,42
470,814,44,2024-07-16,Contratada,11
471,384,282,2024-11-02,Contratada,39
472,2,238,2024-11-25,En revisión,16
473,652,290,2024-04-10,Entrevista,21
474,700,319,2024-09-26,Entrevista,10
475,889,166,2024-10-11,Contratada,25
476,607,13,2024-05-07,Entrevista,36
477,757,380,2024-07-12,Entrevista,2
478,149,364,2024-06-28,Contratada,8
479,903,56,2024-08-17,Rechazada,22
480,989,283,2024-11-19,Entrevista,5
481,285,303,2024-07-30,Contratada,26
482,719,48,2024-09-13,Entrevista,6
483,234,158,2024-02-21,Entrevista,4
484,740,397,2024-05-05,Enviada,
485,537,139,2024-05-03,Entrevista,34
486,916,288,2024-10-09,Rechazada,23
487,949,26,2024-02-09,Entrevista,10
488,402,10,2024-04-17,Enviada,
489,697,325,2024-10-17,Enviada,
490,802,321,2024-06-20,Enviada,
491,351,293,2024-02-12,Rechazada,26
492,706,77,2024-04-23,Contratada,15
493,388,209,2024-04-01,Entrevista,41
494,1149,9,2024-02-22,En revisión,1
495,1021,328,2024-04-10,Enviada,
496,536,89,2024-09-04,Contratada,9
497,532,360,2024-09-19,Rechazada,24
498,490,241,2024-06-27,Contratada,2
499,669,254,2024-03-19,Rechazada,42
500,568,157,2024-08-07,En revisión,27
501,1016,131,2024-08-13,Enviada,
502,1112,253,2024-08-04,Rechazada,42
503,623,130,2024-05-23,Contratada,17
504,677,371,2024-08-13,Enviada,
505,879,282,2024-09-02,Contratada,23
506,1053,102,2024-06-17,Rechazada,33
507,407,152,2024-05-28,Entrevista,43
508,724,336,2024-09-07,Entrevista,41
509,328,214,2024-05-21,Rechazada,28
510,803,154,2024-06-03,Entrevista,10
511,61,340,2024-09-30,Rechazada,24
512,1075,242,2024-10-18,Enviada,
513,596,125,2024-08-28,Enviada,
514,1149,112,2024-06-08,Rechazada,20
515,500,374,2024-07-22,En revisión,35
516,65,183,2024-07-06,Enviada,
517,654,31,2024-02-17,En revisión,39
518,359,273,2024-09-25,En revisión,11
519,17,27,2024-06-23,Entrevista,12
520,402,291,2024-09-27,Enviada,
521,916,117,2024-10-08,Contratada,10
522,645,139,2024-07-26,Entrevista,43
523,10,124,2024-02-15,Entrevista,5
524,864,71,2024-07-29,En revisión,8
525,726,20,2024-02-03,Rechazada,20
526,704,12,2024-11-14,Rechazada,7
527,639,108,2024-03-05,En revisión,9
528,951,306,2024-05-30,En revisión,15
529,1007,318,2024-07-19,Rechazada,13
530,162,370,2024-03-23,Rechazada,8
531,292,123,2024-11-21,Rechazada,2
532,563,86,2024-05-05,En revisión,30
533,542,77,2024-08-13,Entrevista,12
534,705,57,2024-10-26,Rechazada,24
535,1016,115,2024-11-10,Entrevista,44
536,717,179,2024-03-13,En revisión,17
537,884,21,2024-03-13,Rechazada,38
538,476,166,2024-10-02,Enviada,
539,624,177,2024-07-10,Rechazada,44
540,451,353,2024-02-17,Entrevista,27
541,278,243,2024-03-27,Enviada,
542,852,234,2024-09-14,Enviada,
543,513,198,2024-04-12,Enviada,
544,178,342,2024-10-01,En revisión,24
545,867,369,2024-04-26,Rechazada,28
546,528,52,2024-09-05,Enviada,
547,59,264,2024-04-01,En revisión,33
548,906,201,2024-03-02,Enviada,
549,869,293,2024-09-08,En revisión,16
550,42,121,2024-07-22,Contratada,5
551,893,382,2024-03-02,Entrevista,20
552,688,17,2024-11-03,Rechazada,10
553,257,347,2024-09-02,Rechazada,29
554,467,347,2024-04-29,Rechazada,14
555,575,118,2024-10-29,Rechazada,36
556,1087,20,2024-07-26,En revisión,6
557,598,333,2024-04-15,Enviada,
558,757,312,2024-08-24,Rechazada,20
559,751,24,2024-04-15,Rechazada,36
560,360,370,2024-06-06,En revisión,17
561,272,242,2024-08-08,En revisión,29
562,776,239,2024-03-04,Enviada,
563,226,368,2024-02-13,En revisión,19
564,530,100,2024-10-24,Rechazada,13
565,613,128,2024-08-09,En revisión,15
566,174,20,2024-04-21,Rechazada,43
567,1199,248,2024-03-26,Entrevista,21
568,33,209,2024-11-26,Enviada,
569,235,345,2024-04-05,Contratada,25
570,696,33,2024-05-20,Contratada,11
571,1043,58,2024-04-13,Rechazada,44
572,171,381,2024-10-15,Enviada,
573,1002,118,2024-04-20,Rechazada,11
574,201,304,2024-08-22,Entrevista,37
575,155,165,2024-09-23,En revisión,28
576,992,59,2024-08-02,Rechazada,9
577,1157,264,2024-10-07,Rechazada,1
578,906,330,2024-03-13,En revisión,24
579,403,29,2024-07-12,En revisión,4
580,22,91,2024-08-12,Enviada,
581,1067,125,2024-11-11,Entrevista,40
582,71,110,2024-07-08,Rechazada,41
583,710,29,2024-07-11,Enviada,
584,1031,205,2024-08-22,Entrevista,4
585,487,333,2024-06-19,Rechazada,1
586,422,140,2024-09-23,En revisión,44
587,713,153,2024-11-01,Entrevista,10
588,492,218,2024-03-21,Entrevista,3
589,155,125,2024-04-08,Rechazada,29
590,354,37,2024-07-10,Enviada,
591,206,125,2024-08-11,En revisión,4
592,206,280,2024-04-17,En revisión,1
593,202,121,2024-11-07,Entrevista,11
594,741,121,2024-11-08,Enviada,
595,404,351,2024-08-17,Rechazada,34
596,249,371,2024-08-29,Rechazada,15
597,851,5,2024-11-16,En revisión,44
598,177,333,2024-10-03,Contratada,16
599,780,308,2024-10-19,Enviada,
600,628,332,2024-10-04,Entrevista,12
601,95,22,2024-04-07,Enviada,
602,166,132,2024-03-23,Rechazada,4
603,971,5,2024-09-10,Entrevista,16
604,551,288,2024-02-15,En revisión,42
605,1092,311,2024-05-03,En revisión,14
606,940,4,2024-03-13,Entrevista,8
607,1197,386,2024-06-15,Enviada,
608,623,186,2024-08-05,En revisión,27
609,968,73,2024-07-26,Entrevista,22
610,798,59,2024-09-20,Entrevista,28
611,1021,41,2024-09-16,En revisión,44
612,239,353,2024-10-14,Rechazada,33
613,851,385,2024-09-05,Enviada,
614,493,300,2024-03-26,En revisión,9
615,823,392,2024-09-13,Rechazada,35
616,449,13,2024-10-11,En revisión,14
617,940,51,2024-10-26,Enviada,
618,979,383,2024-02-24,En revisión,11
619,287,112,2024-06-27,Rechazada,43
620,780,36,2024-08-19,En revisión,25
621,361,254,2024-05-22,En revisión,1
622,608,349,2024-09-22,Enviada,
623,853,399,2024-07-02,Enviada,
624,357,321,2024-08-10,Rechazada,12
625,606,262,2024-08-22,En revisión,35
626,864,107,2024-08-31,Rechazada,17
627,982,14,2024-08-17,Rechazada,21
628,773,276,2024-08-17,Contratada,38
629,1046,248,2024-05-21,Contratada,25
630,1129,287,2024-05-29,Rechazada,1
631,58,143,2024-10-07,Entrevista,44
632,467,206,2024-03-12,Rechazada,23
633,1181,93,2024-04-15,Rechazada,39
634,233,339,2024-10-05,Entrevista,4
635,786,169,2024-06-23,Entrevista,5
636,90,136,2024-04-15,Enviada,
637,1186,49,2024-09-19,Enviada,
638,349,66,2024-06-23,Entrevista,31
639,255,266,2024-03-16,Enviada,
640,1099,59,2024-11-25,En revisión,26
641,110,246,2024-09-17,En revisión,34
642,1067,336,2024-11-22,En revisión,31
643,584,298,2024-03-01,Entrevista,21
644,331,70,2024-04-04,Enviada,
645,227,143,2024-08-28,Entrevista,22
646,856,183,2024-03-20,Entrevista,36
647,1095,340,2024-02-05,Enviada,
648,887,40,2024-07-10,Entrevista,27
649,499,49,2024-05-13,Contratada,7
650,345,306,2024-08-06,Entrevista,23
651,919,92,2024-08-31,Rechazada,7
652,858,306,2024-08-29,En revisión,14
653,1000,288,2024-03-17,Entrevista,37
654,433,270,2024-11-24,Rechazada,38
655,110,201,2024-04-26,Entrevista,45
656,97,59,2024-02-07,Rechazada,32
657,158,219,2024-07-28,Contratada,13
658,352,59,2024-05-10,En revisión,27
659,247,124,2024-10-27,Enviada,
660,675,138,2024-02-24,Entrevista,20
661,116,125,2024-04-24,Entrevista,39
662,732,384,2024-10-22,En revisión,22
663,1032,116,2024-09-03,En revisión,16
664,1123,389,2024-04-19,Rechazada,31
665,571,376,2024-04-19,En revisión,10
666,660,398,2024-07-25,Contratada,7
667,897,140,2024-05-05,Enviada,
668,661,286,2024-03-06,Rechazada,41
669,521,253,2024-05-02,Rechazada,7
670,374,362,2024-02-20,Enviada,
671,249,357,2024-05-30,Entrevista,37
672,535,184,2024-05-17,En revisión,36
673,516,163,2024-07-10,En revisión,25
674,446,398,2024-06-04,Enviada,
675,18,396,2024-08-23,Rechazada,34
676,692,397,2024-02-24,Contratada,42
677,878,357,2024-08-04,Rechazada,38
678,1103,238,2024-06-22,Enviada,
679,66,288,2024-05-01,Contratada,45
680,221,236,2024-05-07,Entrevista,22
681,191,215,2024-03-04,En revisión,5
682,423,111,2024-09-28,Contratada,13
683,879,232,2024-04-10,Enviada,
684,248,246,2024-06-30,Rechazada,1
685,370,157,2024-04-28,Enviada,
686,350,377,2024-06-18,Rechazada,7
687,1076,370,2024-03-03,En revisión,27
688,504,95,2024-09-10,Rechazada,21
689,632,8,2024-11-05,Enviada,
690,205,333,2024-06-28,Rechazada,18
691,345,152,2024-11-10,Rechazada,18
692,319,343,2024-02-16,Contratada,11
693,573,126,2024-08-07,Rechazada,1
694,631,225,2024-03-18,En revisión,8
695,1055,219,2024-07-22,Rechazada,27
696,562,5,2024-11-21,Entrevista,19
697,212,159,2024-05-09,Entrevista,40
698,1105,318,2024-05-09,Rechazada,30
699,80,164,2024-04-09,En revisión,20
700,666,48,2024-02-29,Rechazada,33
701,367,198,2024-03-08,Rechazada,2
702,409,163,2024-06-16,En revisión,12
703,1184,304,2024-02-19,Contratada,41
704,358,124,2024-08-14,Entrevista,28
705,1195,340,2024-09-04,Contratada,39
706,355,397,2024-07-27,Enviada,
707,479,119,2024-03-19,Entrevista,37
708,513,48,2024-11-04,Rechazada,13
709,34,319,2024-07-06,Rechazada,9
710,575,335,2024-04-17,Entrevista,19
711,5,194,2024-05-01,En revisión,33
712,385,139,2024-05-14,En revisión,20
713,1060,276,2024-06-01,Entrevista,17
714,428,242,2024-10-27,En revisión,25
715,894,314,2024-02-20,En revisión,33
716,891,398,2024-06-27,Rechazada,12
717,583,128,2024-05-01,Rechazada,25
718,274,284,2024-02-11,En revisión,29
719,551,105,2024-02-12,En revisión,37
720,712,84,2024-11-13,Contratada,41
721,1072,319,2024-06-19,Contratada,31
722,17,128,2024-09-04,Entrevista,19
723,670,108,2024-03-21,En revisión,31
724,830,169,2024-09-22,Enviada,
725,256,282,2024-02-03,Entrevista,3
726,697,141,2024-10-18,Enviada,
727,933,109,2024-06-25,Contratada,40
728,824,342,2024-09-10,En revisión,28
729,922,302,2024-11-23,Entrevista,17
730,936,9,2024-03-26,En revisión,30
731,46,222,2024-03-15,Entrevista,17
732,902,43,2024-05-21,Enviada,
733,1073,134,2024-09-17,Rechazada,7
734,690,201,2024-08-02,Entrevista,27
735,886,373,2024-07-23,En revisión,5
736,1112,373,2024-02-11,Entrevista,44
737,197,197,2024-06-29,Entrevista,17
738,1153,371,2024-05-15,Rechazada,19
739,425,189,2024-09-10,Entrevista,37
740,1060,168,2024-06-22,Enviada,
741,664,389,2024-07-21,Contratada,27
742,837,363,2024-05-28,Entrevista,32
743,703,160,2024-06-15,Enviada,
744,365,288,2024-09-29,En revisión,45
745,1100,301,2024-07-19,Enviada,
746,913,64,2024-02-18,En revisión,9
747,677,29,2024-06-03,Contratada,35
748,663,362,2024-09-07,Contratada,12
749,771,155,2024-03-08,Entrevista,41
750,843,390,2024-10-22,Rechazada,42
751,589,294,2024-08-27,En revisión,36
752,107,344,2024-07-15,En revisión,33
753,719,114,2024-03-15,Enviada,
754,45,395,2024-04-13,Enviada,
755,900,282,2024-07-20,Entrevista,6
756,427,1,2024-10-15,Rechazada,24
757,302,363,2024-07-29,Entrevista,34
758,771,389,2024-05-21,Entrevista,25
759,671,213,2024-05-10,Enviada,
760,866,111,2024-06-24,En revisión,14
761,529,207,2024-08-12,Entrevista,16
762,477,54,2024-04-18,Entrevista,13
763,456,190,2024-09-03,En revisión,6
764,977,366,2024-02-25,Rechazada,29
765,451,64,2024-07-04,Rechazada,18
766,732,237,2024-09-07,Entrevista,12
767,847,70,2024-08-19,En revisión,29
768,1103,161,2024-10-18,Rechazada,40
769,1136,310,2024-10-11,Entrevista,17
770,1016,396,2024-06-19,Rechazada,44
771,588,333,2024-06-26,En revisión,33
772,685,71,2024-05-08,Entrevista,29
773,942,130,2024-02-15,Rechazada,16
774,976,200,2024-11-12,Entrevista,31
775,577,13,2024-04-17,En revisión,2
776,984,216,2024-03-13,Entrevista,20
777,912,180,2024-03-17,Enviada,
778,156,163,2024-05-17,Rechazada,42
779,426,31,2024-03-01,Entrevista,3
780,96,293,2024-02-18,Rechazada,27
781,764,204,2024-10-17,En revisión,10
782,496,382,2024-06-14,En revisión,22
783,501,269,2024-07-20,Contratada,42
784,866,188,2024-05-03,En revisión,13
785,267,211,2024-02-17,En revisión,41
786,28,19,2024-02-15,En revisión,37
787,162,36,2024-06-05,Enviada,
788,631,300,2024-08-04,Contratada,27
789,160,41,2024-10-14,Entrevista,37
790,818,161,2024-03-16,Contratada,36
791,209,350,2024-10-15,Rechazada,14
792,918,142,2024-03-11,En revisión,20
793,628,241,2024-03-19,En revisión,33
794,837,262,2024-02-01,Entrevista,18
795,946,376,2024-08-23,Entrevista,43
796,786,281,2024-02-09,Rechazada,24
797,273,189,2024-11-27,En revisión,24
798,35,270,2024-03-06,Entrevista,18
799,337,360,2024-05-29,En revisión,1
800,370,295,2024-10-12,Rechazada,28
801,586,9,2024-10-04,En revisión,44
802,496,320,2024-04-30,Entrevista,10
803,138,130,2024-03-06,Enviada,
804,443,46,2024-08-11,Entrevista,3
805,632,249,2024-06-04,En revisión,14
806,1131,303,2024-06-09,Rechazada,30
807,1025,174,2024-09-21,Enviada,
808,613,155,2024-02-02,Rechazada,13
809,671,311,2024-03-24,En revisión,2
810,341,370,2024-10-16,En revisión,31
811,463,183,2024-11-02,Contratada,44
812,833,212,2024-10-12,En revisión,31
813,620,49,2024-05-15,En revisión,24
814,157,259,2024-02-05,Rechazada,10
815,728,264,2024-06-16,En revisión,27
816,652,274,2024-07-28,Rechazada,14
817,1080,398,2024-04-26,Entrevista,45
818,244,251,2024-07-17,Entrevista,22
819,119,296,2024-03-10,Entrevista,11
820,1135,193,2024-10-23,En revisión,8
821,772,236,2024-05-02,En revisión,14
822,1102,106,2024-03-21,Contratada,38
823,452,160,2024-11-19,Entrevista,6
824,1122,367,2024-02-29,Rechazada,13
825,1092,34,2024-08-16,Rechazada,13
826,531,66,2024-04-29,Rechazada,20
827,322,53,2024-08-08,Rechazada,37
828,949,382,2024-02-27,Rechazada,38
829,209,89,2024-07-10,Enviada,
830,317,242,2024-07-01,Contratada,6
831,179,152,2024-03-17,Rechazada,13
832,511,43,2024-08-01,En revisión,24
833,401,28,2024-07-14,Contratada,15
834,80,98,2024-07-07,Enviada,
835,608,6,2024-10-30,En revisión,6
836,205,25,2024-08-27,Entrevista,24
837,1125,156,2024-07-10,Rechazada,21
838,936,209,2024-09-09,Rechazada,16
839,626,167,2024-07-05,Contratada,8
840,1144,380,2024-03-22,Contratada,10
841,833,315,2024-06-16,Rechazada,22
842,313,29,2024-03-14,En revisión,40
843,211,12,2024-03-25,En revisión,45
844,784,329,2024-03-19,En revisión,2
845,121,386,2024-10-27,Rechazada,41
846,272,82,2024-04-09,Rechazada,8
847,829,275,2024-10-15,Enviada,
848,258,78,2024-10-13,Rechazada,23
849,824,88,2024-08-14,Rechazada,40
850,1165,399,2024-04-15,En revisión,2
851,1084,100,2024-10-12,Entrevista,37
852,177,382,2024-07-26,Enviada,
853,1165,118,2024-07-30,Enviada,
854,1009,67,2024-11-09,Rechazada,41
855,934,26,2024-04-21,Rechazada,10
856,63,24,2024-09-25,Contratada,18
857,1145,174,2024-04-06,Entrevista,17
858,392,285,2024-04-03,Entrevista,10
859,717,46,2024-05-06,En revisión,3
860,679,347,2024-02-12,Contratada,10
861,1057,205,2024-08-13,Enviada,
862,90,148,2024-04-29,Entrevista,12
863,537,7,2024-08-02,En revisión,20
864,978,135,2024-08-23,Entrevista,45
865,699,22,2024-02-12,Rechazada,17
866,171,325,2024-11-26,Entrevista,33
867,677,224,2024-06-12,En revisión,14
868,73,49,2024-07-18,Contratada,41
869,726,221,2024-05-23,Rechazada,33
870,1145,252,2024-10-19,Entrevista,29
871,781,178,2024-06-01,En revisión,5
872,422,200,2024-02-27,Rechazada,27
873,263,71,2024-02-12,Rechazada,6
874,201,373,2024-11-11,Rechazada,25
875,19,144,2024-06-21,Entrevista,43
876,916,41,2024-02-08,Rechazada,14
877,1043,9,2024-04-03,En revisión,17
878,1068,301,2024-07-15,Rechazada,16
879,1148,87,2024-11-18,Contratada,19
880,631,38,2024-04-03,Entrevista,17
881,942,289,2024-08-04,Rechazada,15
882,631,226,2024-06-02,Enviada,
883,735,48,2024-08-28,Contratada,31
884,441,328,2024-11-15,Enviada,
885,679,374,2024-08-20,En revisión,32
886,17,285,2024-10-19,En revisión,34
887,828,321,2024-08-30,Entrevista,22
888,779,353,2024-04-26,Rechazada,24
889,1096,340,2024-04-22,Enviada,
890,1077,85,2024-02-01,Rechazada,8
891,1080,112,2024-08-10,Enviada,
892,430,22,2024-10-19,En revisión,33
893,703,219,2024-07-02,Entrevista,44
894,866,249,2024-10-11,Contratada,33
895,38,313,2024-06-22,Contratada,21
896,1130,113,2024-06-17,Entrevista,18
897,1177,167,2024-10-01,Rechazada,22
898,301,41,2024-05-13,En revisión,6
899,979,166,2024-07-18,Rechazada,39
900,325,258,2024-10-08,Rechazada,18
901,1101,363,2024-06-21,Entrevista,6
902,132,362,2024-10-27,Entrevista,25
903,321,220,2024-04-02,En revisión,42
904,242,316,2024-09-05,Entrevista,17
905,686,115,2024-08-27,En revisión,23
906,652,37,2024-09-11,Rechazada,20
907,229,314,2024-10-29,En revisión,39
908,875,122,2024-02-05,Contratada,4
909,1159,106,2024-10-16,En revisión,12
910,125,57,2024-05-09,En revisión,3
911,176,389,2024-11-21,Rechazada,31
912,318,89,2024-04-15,Contratada,9
913,1074,144,2024-05-21,Rechazada,20
914,343,246,2024-11-10,En revisión,4
915,1163,322,2024-06-10,Entrevista,28
916,101,43,2024-10-17,Rechazada,3
917,563,5,2024-05-11,Rechazada,20
918,1134,3,2024-07-20,Enviada,
919,449,225,2024-08-10,Rechazada,34
920,818,205,2024-10-06,Contratada,7
921,709,168,2024-09-01,En revisión,2
922,707,126,2024-08-20,Entrevista,3
923,896,249,2024-08-25,Rechazada,41
924,283,254,2024-07-20,Enviada,
925,423,203,2024-07-03,Contratada,40
926,1175,33,2024-04-19,Enviada,
927,1087,179,2024-04-19,En revisión,33
928,747,378,2024-03-15,Enviada,
929,732,165,2024-05-22,Rechazada,36
930,504,11,2024-09-20,Rechazada,22
931,656,282,2024-04-22,Enviada,
932,792,94,2024-05-22,En revisión,39
933,760,204,2024-10-20,Entrevista,18
934,591,384,2024-09-16,En revisión,36
935,46,247,2024-03-14,Rechazada,43
936,1153,357,2024-03-23,Entrevista,39
937,1034,34,2024-08-10,Entrevista,24
938,141,79,2024-06-21,Entrevista,20
939,197,158,2024-04-25,Entrevista,22
940,422,345,2024-06-21,Enviada,
941,1109,92,2024-06-05,Entrevista,34
942,689,340,2024-06-19,Entrevista,29
943,912,223,2024-07-13,En revisión,38
944,76,247,2024-07-16,Enviada,
945,621,372,2024-05-18,Entrevista,41
946,627,114,2024-09-09,Contratada,35
947,965,337,2024-07-22,Entrevista,27
948,1155,90,2024-02-02,Contratada,38
949,545,394,2024-02-28,Entrevista,32
950,830,356,2024-03-29,En revisión,23
951,432,185,2024-09-26,Entrevista,8
952,105,340,2024-04-04,Enviada,
953,683,330,2024-09-20,En revisión,15
954,590,315,2024-06-03,Contratada,43
955,147,338,2024-11-01,En revisión,31
956,274,89,2024-08-06,En revisión,30
957,1025,173,2024-03-25,En revisión,15
958,702,139,2024-10-07,Entrevista,20
959,196,202,2024-08-10,Entrevista,30
960,439,318,2024-04-18,Rechazada,16
961,297,275,2024-08-09,En revisión,23
962,1132,10,2024-11-25,Rechazada,23
963,996,383,2024-10-07,Entrevista,24
964,1028,51,2024-08-25,Rechazada,3
965,319,272,2024-06-14,Rechazada,41
966,241,398,2024-04-26,Enviada,
967,489,110,2024-07-04,Rechazada,29
968,4,154,2024-03-24,Enviada,
969,516,206,2024-09-15,Rechazada,41
970,197,131,2024-10-10,Rechazada,43
971,1002,369,2024-06-05,Rechazada,19
972,255,285,2024-07-13,En revisión,37
973,697,22,2024-05-21,Entrevista,32
974,581,191,2024-08-25,Rechazada,3
975,252,237,2024-08-17,Enviada,
976,207,10,2024-07-28,Enviada,
977,64,338,2024-03-25,Rechazada,29
978,73,197,2024-06-18,Entrevista,37
979,69,251,2024-05-02,Entrevista,34
980,641,161,2024-08-22,Rechazada,10
981,225,384,2024-11-23,Rechazada,16
982,1126,395,2024-11-26,Rechazada,28
983,912,206,2024-07-30,Rechazada,13
984,878,250,2024-08-07,Contratada,44
985,730,361,2024-08-27,Entrevista,3
986,1002,30,2024-04-09,Entrevista,35
987,1103,110,2024-03-15,En revisión,14
988,473,177,2024-05-10,Rechazada,40
989,15,39,2024-02-25,En revisión,39
990,959,159,2024-07-08,Enviada,
991,465,222,2024-05-26,En revisión,21
992,983,365,2024-11-17,Rechazada,27
993,905,394,2024-03-04,Rechazada,45
994,549,267,2024-05-11,Contratada,43
995,23,341,2024-09-21,Enviada,
996,468,187,2024-09-11,Rechazada,24
997,1149,79,2024-02-13,En revisión,33
998,357,176,2024-08-31,Enviada,
999,486,374,2024-06-15,Entrevista,5
1000,290,260,2024-10-25,Rechazada,25
1001,879,299,2024-04-05,Enviada,
1002,264,101,2024-04-26,Rechazada,5
1003,541,321,2024-07-15,Rechazada,11
1004,774,43,2024-11-26,Contratada,32
1005,1120,291,2024-04-16,Rechazada,22
1006,627,202,2024-07-13,Contratada,29
1007,541,323,2024-08-12,Entrevista,24
1008,440,93,2024-07-12,En revisión,18
1009,587,40,2024-03-21,Enviada,
1010,1091,341,2024-07-25,Rechazada,6
1011,438,196,2024-05-07,Contratada,33
1012,38,352,2024-03-01,En revisión,14
1013,1132,332,2024-03-23,Entrevista,45
1014,444,228,2024-09-07,Rechazada,33
1015,617,400,2024-06-23,Enviada,
1016,1018,42,2024-04-09,En revisión,11
1017,58,39,2024-10-25,En revisión,16
1018,407,125,2024-03-02,En revisión,7
1019,228,95,2024-11-04,En revisión,14
1020,798,6,2024-10-18,Enviada,
1021,987,399,2024-06-29,En revisión,30
1022,989,24,2024-02-06,Rechazada,27
1023,990,223,2024-11-05,Enviada,
1024,486,398,2024-04-14,Entrevista,39
1025,765,2,2024-10-05,Entrevista,45
1026,135,326,2024-03-20,En revisión,32
1027,302,22,2024-10-26,En revisión,34
1028,809,288,2024-07-03,Enviada,
1029,211,257,2024-11-21,En revisión,15
1030,92,116,2024-04-23,Rechazada,25
1031,610,336,2024-08-24,En revisión,17
1032,880,240,2024-03-14,En revisión,26
1033,76,166,2024-05-29,Rechazada,39
1034,42,199,2024-06-08,Rechazada,37
1035,68,290,2024-10-07,Rechazada,42
1036,32,118,2024-07-22,En revisión,43
1037,235,362,2024-09-18,Contratada,44
1038,109,64,2024-08-10,Entrevista,36
1039,1176,52,2024-11-05,Enviada,
1040,292,297,2024-02-06,En revisión,30
1041,568,90,2024-07-20,Enviada,
1042,506,35,2024-08-22,Entrevista,9
1043,699,88,2024-02-02,En revisión,9
1044,357,58,2024-02-13,En revisión,36
1045,1045,234,2024-06-21,En revisión,33
1046,22,73,2024-05-29,Rechazada,13
1047,754,280,2024-10-15,En revisión,20
1048,394,350,2024-03-14,Rechazada,1
1049,837,186,2024-07-17,En revisión,6
1050,984,160,2024-06-09,En revisión,25
1051,1176,112,2024-07-26,Rechazada,8
1052,54,84,2024-07-05,Rechazada,4
1053,182,78,2024-06-05,Contratada,13
1054,178,293,2024-10-20,En revisión,41
1055,1194,362,2024-11-23,Entrevista,1
1056,452,174,2024-09-20,Rechazada,7
1057,1010,253,2024-10-06,Enviada,
1058,55,99,2024-08-29,Enviada,
1059,1025,232,2024-11-20,Contratada,20
1060,151,67,2024-08-14,En revisión,1
1061,676,48,2024-06-09,Contratada,35
1062,475,390,2024-11-11,Entrevista,38
1063,657,107,2024-08-16,En revisión,36
1064,531,60,2024-09-20,Rechazada,26
1065,937,238,2024-09-11,Rechazada,4
1066,20,199,2024-07-08,En revisión,21
1067,932,347,2024-05-30,Entrevista,6
1068,968,390,2024-05-27,En revisión,15
1069,363,136,2024-09-03,Entrevista,29
1070,683,387,2024-06-15,Contratada,22
1071,239,400,2024-11-04,Enviada,
1072,576,274,2024-11-27,Rechazada,20
1073,899,372,2024-03-31,Rechazada,35
1074,190,177,2024-07-24,En revisión,19
1075,333,248,2024-11-25,Enviada,
1076,738,297,2024-07-03,Rechazada,31
1077,847,61,2024-02-27,Enviada,
1078,992,295,2024-07-07,Entrevista,29
1079,742,149,2024-07-29,Rechazada,27
1080,700,237,2024-11-16,Enviada,
1081,934,78,2024-11-22,Enviada,
1082,431,152,2024-06-17,Entrevista,44
1083,51,389,2024-02-06,En revisión,39
1084,1040,133,2024-08-13,Contratada,34
1085,715,380,2024-09-10,En revisión,25
1086,373,333,2024-08-27,Rechazada,5
1087,448,266,2024-08-28,Enviada,
1088,1123,244,2024-09-14,Enviada,
1089,903,234,2024-08-10,En revisión,30
1090,84,388,2024-11-18,Rechazada,37
1091,833,74,2024-10-12,En revisión,30
1092,377,382,2024-09-15,Rechazada,5
1093,175,29,2024-06-02,Contratada,23
1094,253,67,2024-09-02,Entrevista,12
1095,384,339,2024-08-27,Rechazada,35
1096,344,148,2024-05-29,En revisión,13
1097,496,27,2024-05-21,Rechazada,40
1098,471,130,2024-02-12,En revisión,26
1099,57,194,2024-06-12,Entrevista,15
1100,5,205,2024-04-07,Entrevista,13
1101,699,225,2024-08-19,Entrevista,21
1102,288,307,2024-04-10,En revisión,33
1103,704,125,2024-02-25,Entrevista,3
1104,784,136,2024-11-11,En revisión,22
1105,589,273,2024-07-24,Entrevista,16
1106,219,60,2024-10-24,Contratada,1
1107,525,86,2024-07-09,En revisión,10
1108,1085,4,2024-09-15,En revisión,27
1109,620,68,2024-02-16,En revisión,31
1110,1142,218,2024-09-16,Entrevista,35
1111,813,15,2024-02-22,Rechazada,15
1112,267,87,2024-03-10,Enviada,
1113,985,18,2024-03-19,Contratada,40
1114,668,287,2024-08-31,En revisión,14
1115,1182,339,2024-09-29,Enviada,
1116,1159,269,2024-04-22,Rechazada,34
1117,1018,104,2024-03-11,Rechazada,17
1118,323,159,2024-08-28,Entrevista,12
1119,1181,58,2024-11-22,Entrevista,26
1120,635,154,2024-02-05,Enviada,
1121,375,278,2024-02-04,Entrevista,31
1122,10,10,2024-02-22,En revisión,12
1123,1080,250,2024-03-12,En revisión,10
1124,44,76,2024-02-02,Rechazada,6
1125,1002,185,2024-06-19,En revisión,5
1126,816,142,2024-04-11,Entrevista,43
1127,140,29,2024-06-17,Rechazada,26
1128,851,68,2024-07-13,Rechazada,42
1129,37,400,2024-04-28,Enviada,
1130,831,349,2024-09-17,Rechazada,17
1131,565,88,2024-05-28,Rechazada,26
1132,114,247,2024-07-24,Entrevista,19
1133,1112,97,2024-11-20,En revisión,24
1134,1040,253,2024-06-01,Enviada,
1135,1138,111,2024-02-06,En revisión,28
1136,101,46,2024-07-21,Rechazada,29
1137,315,118,2024-10-06,Enviada,
1138,155,138,2024-10-30,Rechazada,22
1139,1025,361,2024-09-23,Enviada,
1140,15,49,2024-03-26,En revisión,37
1141,886,255,2024-10-05,Entrevista,43
1142,271,15,2024-07-29,Entrevista,5
1143,1171,67,2024-11-14,Enviada,
1144,317,282,2024-07-30,Rechazada,9
1145,488,117,2024-11-16,Rechazada,29
1146,8,138,2024-05-12,Entrevista,31
1147,1200,175,2024-03-24,Entrevista,22
1148,1097,324,2024-07-15,Contratada,8
1149,159,220,2024-09-15,Rechazada,6
1150,579,308,2024-02-10,Enviada,
1151,956,172,2024-09-23,Rechazada,20
1152,227,159,2024-07-03,Contratada,36
1153,958,122,2024-04-22,Entrevista,25
1154,267,178,2024-10-22,Entrevista,35
1155,487,355,2024-07-03,Enviada,
1156,1178,241,2024-05-31,Rechazada,42
1157,890,363,2024-10-03,Rechazada,11
1158,529,153,2024-07-06,Enviada,
1159,405,323,2024-07-05,Rechazada,40
1160,948,266,2024-08-11,Entrevista,24
1161,976,57,2024-08-26,En revisión,20
1162,457,266,2024-02-23,Rechazada,11
1163,1171,25,2024-05-26,Rechazada,18
1164,1094,332,2024-07-01,Enviada,
1165,257,151,2024-09-02,Entrevista,4
1166,63,370,2024-06-26,Enviada,
1167,20,308,2024-07-31,Enviada,
1168,990,117,2024-04-06,Entrevista,19
1169,344,208,2024-04-11,En revisión,9
1170,750,134,2024-02-17,Entrevista,15
1171,845,307,2024-03-15,En revisión,18
1172,121,52,2024-04-16,Rechazada,30
1173,496,56,2024-03-30,Contratada,30
1174,378,94,2024-03-05,En revisión,17
1175,1007,169,2024-02-07,En revisión,1
1176,135,268,2024-05-25,En revisión,14
1177,676,313,2024-06-19,Entrevista,29
1178,628,84,2024-11-02,Enviada,
1179,497,390,2024-07-15,Entrevista,40
1180,855,351,2024-10-04,En revisión,31
1181,169,181,2024-02-11,En revisión,11
1182,341,221,2024-04-24,Rechazada,20
1183,953,374,2024-08-25,Rechazada,21
1184,22,22,2024-04-14,Rechazada,39
1185,1153,9,2024-02-29,Entrevista,28
1186,616,233,2024-07-09,En revisión,20
1187,299,232,2024-06-07,Entrevista,21
1188,652,134,2024-02-27,Rechazada,19
1189,361,329,2024-08-24,En revisión,40
1190,1010,307,2024-03-03,Enviada,
1191,887,227,2024-06-17,Contratada,37
1192,461,319,2024-05-29,Enviada,
1193,1177,205,2024-06-21,Entrevista,21
1194,435,379,2024-05-04,Rechazada,45
1195,711,90,2024-11-12,Entrevista,45
1196,456,172,2024-06-07,Entrevista,33
1197,202,114,2024-10-04,En revisión,15
1198,568,175,2024-05-17,En revisión,4
1199,371,118,2024-03-23,En revisión,12
1200,313,151,2024-06-09,Rechazada,2
1201,1168,276,2024-09-22,En revisión,11
1202,113,124,2024-02-23,En revisión,21
1203,149,205,2024-06-07,Enviada,
1204,271,168,2024-02-15,Enviada,
1205,999,363,2024-08-01,Enviada,
1206,665,274,2024-02-28,Rechazada,38
1207,547,325,2024-02-27,Contratada,18
1208,312,78,2024-07-03,Rechazada,22
1209,806,157,2024-04-21,Enviada,
1210,761,191,2024-04-08,Rechazada,21
1211,477,262,2024-02-19,Rechazada,32
1212,1059,39,2024-06-07,Entrevista,23
1213,44,179,2024-05-25,Rechazada,45
1214,636,313,2024-03-07,Contratada,40
1215,964,57,2024-10-12,En revisión,21
1216,734,255,2024-08-19,Contratada,28
1217,473,89,2024-04-08,Contratada,18
1218,839,126,2024-09-08,Enviada,
1219,247,382,2024-03-10,En revisión,43
1220,1099,337,2024-09-09,En revisión,16
1221,648,68,2024-02-01,Enviada,
1222,939,224,2024-07-10,Contratada,3
1223,113,161,2024-08-16,Entrevista,33
1224,735,342,2024-09-16,Rechazada,30
1225,159,157,2024-05-21,Enviada,
1226,866,13,2024-10-16,Contratada,3
1227,78,56,2024-06-25,Enviada,
1228,856,376,2024-02-26,Enviada,
1229,444,308,2024-10-20,Enviada,
1230,1075,257,2024-11-02,Entrevista,39
1231,425,20,2024-08-19,En revisión,43
1232,235,198,2024-11-11,Contratada,34
1233,234,209,2024-09-30,Contratada,35
1234,722,46,2024-07-30,Entrevista,27
1235,94,180,2024-08-14,Entrevista,22
1236,820,389,2024-04-23,Entrevista,25
1237,981,91,2024-02-07,Entrevista,31
1238,320,366,2024-02-01,Entrevista,41
1239,1135,58,2024-06-28,Rechazada,29
1240,317,324,2024-05-18,Enviada,
1241,721,216,2024-09-26,En revisión,34
1242,458,373,2024-02-15,Rechazada,35
1243,455,26,2024-09-15,Rechazada,34
1244,1197,322,2024-08-09,Contratada,7
1245,523,178,2024-11-07,Contratada,14
1246,844,237,2024-06-13,Rechazada,25
1247,985,135,2024-09-10,Entrevista,25
1248,1079,264,2024-09-18,Rechazada,24
1249,141,288,2024-10-09,En revisión,7
1250,173,218,2024-09-08,En revisión,3
1251,720,343,2024-08-06,Entrevista,26
1252,425,156,2024-03-17,En revisión,33
1253,100,321,2024-05-18,Rechazada,38
1254,301,9,2024-04-09,Rechazada,23
1255,1084,178,2024-05-20,En revisión,16
1256,962,361,2024-06-03,Entrevista,2
1257,410,51,2024-11-12,En revisión,31
1258,222,304,2024-08-31,Rechazada,7
1259,761,145,2024-04-19,Entrevista,1
1260,212,74,2024-03-01,En revisión,9
1261,768,149,2024-02-13,En revisión,43
1262,119,176,2024-02-17,En revisión,33
1263,75,341,2024-11-08,Entrevista,14
1264,1164,254,2024-09-22,En revisión,16
1265,1066,262,2024-07-08,Entrevista,25
1266,200,201,2024-05-14,En revisión,19
1267,510,270,2024-03-02,En revisión,2
1268,62,298,2024-05-25,Enviada,
1269,641,81,2024-05-26,Entrevista,2
1270,1008,355,2024-06-22,Contratada,7
1271,897,291,2024-08-30,Entrevista,21
1272,556,212,2024-04-19,Rechazada,33
1273,1017,355,2024-03-23,Enviada,
1274,1069,311,2024-04-21,Rechazada,10
1275,690,80,2024-07-17,Entrevista,41
1276,828,29,2024-04-06,Enviada,
1277,512,20,2024-06-26,Enviada,
1278,80,191,2024-09-27,En revisión,29
1279,210,95,2024-08-07,En revisión,34
1280,1155,378,2024-06-14,Enviada,
1281,210,265,2024-04-25,Rechazada,33
1282,25,173,2024-08-25,Enviada,
1283,884,23,2024-03-30,Rechazada,12
1284,446,297,2024-10-27,Enviada,
1285,1134,151,2024-10-06,Rechazada,41
1286,69,299,2024-05-10,Entrevista,27
1287,170,168,2024-08-19,Enviada,
1288,662,283,2024-06-24,Rechazada,20
1289,621,80,2024-04-22,Enviada,
1290,532,356,2024-06-08,Entrevista,35
1291,1115,202,2024-03-08,Enviada,
1292,501,237,2024-03-11,En revisión,20
1293,752,22,2024-03-09,En revisión,8
1294,1092,17,2024-08-13,Rechazada,44
1295,780,324,2024-04-03,Entrevista,17
1296,249,310,2024-11-20,Rechazada,27
1297,14,197,2024-06-15,Enviada,
1298,931,48,2024-11-17,Rechazada,8
1299,209,298,2024-04-05,Rechazada,21
1300,775,337,2024-04-14,Rechazada,20
1301,996,210,2024-05-19,Entrevista,19
1302,130,24,2024-03-12,En revisión,18
1303,191,102,2024-10-22,Rechazada,7
1304,228,288,2024-07-09,Entrevista,1
1305,701,44,2024-05-29,Rechazada,11
1306,645,326,2024-11-27,Enviada,
1307,5,159,2024-02-20,En revisión,33
1308,740,213,2024-06-20,Enviada,
1309,98,198,2024-07-01,Entrevista,43
1310,1031,235,2024-03-07,Entrevista,2
1311,406,54,2024-07-31,En revisión,25
1312,557,162,2024-04-19,Entrevista,30
1313,672,339,2024-06-17,Contratada,4
1314,932,372,2024-05-24,En revisión,14
1315,922,136,2024-11-24,En revisión,40
1316,1076,231,2024-05-28,Enviada,
1317,506,312,2024-05-28,Enviada,
1318,806,383,2024-06-27,Contratada,6
1319,381,323,2024-07-03,En revisión,5
1320,9,198,2024-04-26,Enviada,
1321,874,389,2024-07-29,Rechazada,15
1322,134,360,2024-02-24,Entrevista,23
1323,1002,204,2024-02-19,En revisión,6
1324,55,274,2024-07-20,Entrevista,19
1325,834,49,2024-05-26,Enviada,
1326,812,20,2024-06-27,En revisión,2
1327,126,144,2024-10-24,En revisión,26
1328,951,307,2024-11-14,En revisión,25
1329,1196,266,2024-10-18,Entrevista,17
1330,1059,36,2024-06-06,Entrevista,26
1331,219,13,2024-09-21,Contratada,30
1332,9,386,2024-10-06,Enviada,
1333,455,335,2024-11-20,Entrevista,20
1334,405,104,2024-02-19,Rechazada,29
1335,1081,53,2024-03-09,Enviada,
1336,906,55,2024-09-04,Entrevista,4
1337,75,143,2024-04-28,Entrevista,6
1338,549,147,2024-08-01,En revisión,22
1339,867,230,2024-05-29,En revisión,15
1340,1063,156,2024-08-27,Rechazada,45
1341,702,192,2024-05-28,Contratada,37
1342,224,246,2024-02-14,Rechazada,14
1343,480,185,2024-02-01,En revisión,4
1344,638,317,2024-11-26,Rechazada,38
1345,369,197,2024-07-28,Entrevista,14
1346,791,368,2024-10-02,Enviada,
1347,935,121,2024-09-20,Enviada,
1348,444,291,2024-09-06,Rechazada,45
1349,317,140,2024-04-18,Entrevista,13
1350,1148,179,2024-08-11,Rechazada,22
1351,499,319,2024-10-03,Enviada,
1352,795,284,2024-03-19,Entrevista,17
1353,161,124,2024-05-13,En revisión,8
1354,987,312,2024-02-18,En revisión,28
1355,13,188,2024-03-23,En revisión,31
1356,469,164,2024-04-05,Entrevista,8
1357,249,199,2024-02-13,Enviada,
1358,806,358,2024-11-12,Rechazada,40
1359,385,190,2024-08-20,Rechazada,20
1360,821,107,2024-10-31,Rechazada,45
1361,918,8,2024-07-01,Enviada,
1362,672,185,2024-05-29,Entrevista,39
1363,487,129,2024-10-01,Rechazada,45
1364,203,371,2024-08-21,Entrevista,26
1365,1195,78,2024-04-05,En revisión,39
1366,113,169,2024-04-29,Enviada,
1367,798,28,2024-03-13,Enviada,
1368,228,342,2024-02-29,Rechazada,6
1369,670,218,2024-03-08,Enviada,
1370,1199,236,2024-06-12,Enviada,
1371,517,395,2024-10-21,Rechazada,6
1372,286,45,2024-02-01,Rechazada,4
1373,1139,263,2024-05-09,Enviada,
1374,1088,156,2024-08-11,Rechazada,37
1375,105,392,2024-11-14,Rechazada,26
1376,980,66,2024-05-22,Enviada,
1377,151,32,2024-06-14,En revisión,34
1378,256,253,2024-09-26,Rechazada,41
1379,502,322,2024-08-04,Contratada,21
1380,859,36,2024-04-05,Entrevista,5
1381,1087,281,2024-04-12,Enviada,
1382,43,211,2024-03-13,En revisión,34
1383,815,148,2024-08-15,Enviada,
1384,130,327,2024-05-25,Entrevista,2
1385,319,98,2024-03-31,En revisión,45
1386,894,312,2024-10-17,En revisión,13
1387,649,321,2024-03-05,Entrevista,27
1388,948,223,2024-06-04,En revisión,10
1389,462,296,2024-11-19,Rechazada,15
1390,368,176,2024-10-31,Enviada,
1391,306,326,2024-09-20,Rechazada,7
1392,359,195,2024-06-03,Rechazada,30
1393,1195,134,2024-11-17,Entrevista,21
1394,339,96,2024-08-31,En revisión,17
1395,529,155,2024-06-22,Rechazada,16
1396,880,393,2024-11-04,Rechazada,28
1397,1039,58,2024-03-31,Rechazada,5
1398,634,114,2024-09-06,En revisión,17
1399,50,310,2024-02-13,Rechazada,21
1400,1151,256,2024-07-20,Entrevista,21
1401,713,305,2024-02-29,Rechazada,41
1402,796,358,2024-10-04,Rechazada,34
1403,981,313,2024-08-01,Enviada,
1404,1182,51,2024-02-09,Rechazada,18
1405,800,121,2024-03-31,Entrevista,27
1406,366,371,2024-08-21,Contratada,2
1407,444,75,2024-10-18,Enviada,
1408,609,38,2024-02-04,Entrevista,12
1409,655,177,2024-11-17,Rechazada,32
1410,960,395,2024-09-21,En revisión,37
1411,401,309,2024-10-08,Rechazada,38
1412,647,391,2024-11-15,En revisión,42
1413,300,131,2024-06-17,Rechazada,44
1414,175,38,2024-05-21,Enviada,
1415,802,234,2024-10-28,Enviada,
1416,872,76,2024-08-20,Contratada,42
1417,949,221,2024-04-23,Enviada,
1418,748,285,2024-04-23,En revisión,14
1419,426,16,2024-11-05,Rechazada,3
1420,741,204,2024-02-17,Contratada,33
1421,300,296,2024-06-09,Contratada,41
1422,1145,72,2024-05-25,Entrevista,11
1423,227,21,2024-10-25,Rechazada,34
1424,416,43,2024-09-13,Enviada,
1425,471,367,2024-07-30,En revisión,19
1426,1116,179,2024-02-02,Enviada,
1427,967,69,2024-09-17,Enviada,
1428,47,282,2024-11-05,En revisión,31
1429,519,345,2024-04-23,Enviada,
1430,1004,314,2024-05-18,Rechazada,41
1431,811,168,2024-07-17,Enviada,
1432,724,170,2024-02-10,Enviada,
1433,38,187,2024-02-17,Rechazada,33
1434,236,317,2024-11-02,En revisión,17
1435,264,66,2024-04-29,En revisión,14
1436,98,7,2024-02-06,En revisión,29
1437,276,67,2024-02-20,En revisión,10
1438,1084,119,2024-05-08,Enviada,
1439,557,350,2024-06-20,Enviada,
1440,405,234,2024-05-15,En revisión,37
1441,235,223,2024-04-13,Rechazada,36
1442,62,311,2024-08-31,Enviada,
1443,812,114,2024-09-06,Enviada,
1444,790,286,2024-07-06,Entrevista,1
1445,510,106,2024-06-10,Rechazada,24
1446,571,130,2024-02-10,Enviada,
1447,798,51,2024-06-15,En revisión,38
1448,951,3,2024-11-06,Enviada,
1449,589,149,2024-07-19,Rechazada,36
1450,57,52,2024-03-20,En revisión,32
1451,834,154,2024-08-30,Enviada,
1452,349,265,2024-04-07,Enviada,
1453,606,50,2024-02-04,Enviada,
1454,651,10,2024-08-27,Rechazada,40
1455,1174,362,2024-05-10,En revisión,8
1456,676,84,2024-08-09,Rechazada,11
1457,501,357,2024-11-09,Enviada,
1458,99,167,2024-11-07,Entrevista,13
1459,934,332,2024-07-05,En revisión,16
1460,717,139,2024-07-06,Rechazada,32
1461,829,90,2024-05-12,Contratada,39
1462,746,24,2024-03-16,Rechazada,8
1463,676,398,2024-07-16,Enviada,
1464,655,260,2024-05-03,Rechazada,30
1465,913,361,2024-11-02,Entrevista,12
1466,824,21,2024-09-15,En revisión,18
1467,1089,301,2024-06-01,Enviada,
1468,41,131,2024-08-02,Contratada,35
1469,1040,4,2024-09-29,Rechazada,8
1470,1114,222,2024-07-08,Enviada,
1471,269,92,2024-05-23,Entrevista,24
1472,673,355,2024-08-05,Rechazada,39
1473,371,24,2024-07-30,En revisión,37
1474,834,227,2024-10-11,En revisión,39
1475,181,55,2024-09-17,Rechazada,38
1476,1123,115,2024-07-06,Enviada,
1477,679,240,2024-04-14,En revisión,29
1478,513,167,2024-03-25,Rechazada,6
1479,797,1,2024-08-01,Entrevista,34
1480,1169,238,2024-02-20,Contratada,7
1481,714,338,2024-04-26,Contratada,12
1482,239,398,2024-08-13,En revisión,34
1483,770,32,2024-10-21,Enviada,
1484,401,140,2024-03-08,Entrevista,9
1485,1040,326,2024-10-22,Entrevista,38
1486,466,4,2024-10-11,Rechazada,18
1487,800,55,2024-06-06,Rechazada,37
1488,982,296,2024-04-05,Rechazada,30
1489,216,325,2024-07-18,Contratada,45
1490,807,25,2024-05-23,Contratada,14
1491,1067,347,2024-11-03,Entrevista,34
1492,723,75,2024-11-14,Entrevista,40
1493,1049,204,2024-03-25,Entrevista,35
1494,529,398,2024-11-21,En revisión,30
1495,811,357,2024-11-18,En revisión,1
1496,9,241,2024-11-27,En revisión,19
1497,1193,314,2024-07-02,Rechazada,18
1498,641,237,2024-06-09,Rechazada,20
1499,568,57,2024-02-23,Rechazada,29
1500,826,298,2024-04-28,Contratada,28
1501,278,198,2024-07-25,Entrevista,19
1502,476,153,2024-07-31,Rechazada,37
1503,224,353,2024-06-12,En revisión,16
1504,699,297,2024-10-21,Rechazada,14
1505,1057,169,2024-11-17,Contratada,4
1506,947,311,2024-11-20,Rechazada,28
1507,746,260,2024-09-18,Rechazada,33
1508,457,345,2024-09-01,Entrevista,43
1509,1131,37,2024-10-27,En revisión,20
1510,447,157,2024-10-08,Rechazada,45
1511,432,30,2024-03-22,Contratada,44
1512,955,239,2024-03-20,Contratada,44
1513,396,162,2024-02-02,Rechazada,32
1514,1041,274,2024-11-25,En revisión,11
1515,305,98,2024-10-14,Enviada,
1516,659,145,2024-05-07,Enviada,
1517,838,298,2024-07-24,Entrevista,9
1518,1136,171,2024-02-23,Rechazada,12
1519,460,45,2024-04-11,Rechazada,44
1520,805,162,2024-09-22,Enviada,
1521,488,161,2024-07-19,Rechazada,8
1522,584,320,2024-06-14,Entrevista,39
1523,110,97,2024-04-06,Enviada,
1524,504,138,2024-03-10,Entrevista,19
1525,869,314,2024-02-18,En revisión,38
1526,498,364,2024-08-07,En revisión,23
1527,925,22,2024-04-17,Contratada,3
1528,84,211,2024-06-08,Enviada,
1529,151,100,2024-07-08,En revisión,17
1530,739,289,2024-09-28,En revisión,26
1531,228,393,2024-11-09,Enviada,
1532,1155,128,2024-03-19,Contratada,41
1533,303,245,2024-02-08,Rechazada,27
1534,666,16,2024-08-26,En revisión,7
1535,316,87,2024-11-04,Rechazada,42
1536,486,336,2024-02-14,Rechazada,24
1537,791,152,2024-11-12,En revisión,45
1538,723,128,2024-06-11,Rechazada,24
1539,758,166,2024-07-24,Rechazada,38
1540,682,27,2024-08-27,Enviada,
1541,435,362,2024-02-04,En revisión,32
1542,1021,250,2024-07-09,Rechazada,14
1543,476,331,2024-08-28,Enviada,
1544,393,296,2024-03-03,Rechazada,17
1545,842,19,2024-05-02,Enviada,
1546,501,205,2024-04-13,Entrevista,28
1547,377,352,2024-03-03,Enviada,
1548,1156,228,2024-07-22,En revisión,44
1549,48,206,2024-02-20,Enviada,
1550,885,330,2024-09-24,Contratada,2
1551,138,175,2024-04-29,Rechazada,3
1552,115,107,2024-05-17,Entrevista,17
1553,634,314,2024-09-11,Enviada,
1554,975,84,2024-08-14,Contratada,12
1555,152,283,2024-06-01,Entrevista,44
1556,474,302,2024-03-09,Rechazada,39
1557,323,296,2024-04-16,Contratada,8
1558,6,173,2024-10-03,En revisión,6
1559,327,89,2024-02-22,Contratada,4
1560,1146,65,2024-10-19,Rechazada,15
1561,949,228,2024-05-04,Rechazada,30
1562,111,162,2024-11-13,En revisión,21
1563,1006,377,2024-09-15,Entrevista,11
1564,1122,75,2024-05-10,Enviada,
1565,309,82,2024-10-23,Rechazada,45
1566,53,41,2024-04-26,Contratada,27
1567,1182,284,2024-06-29,Enviada,
1568,530,213,2024-08-06,Rechazada,33
1569,1188,166,2024-06-18,Enviada,
1570,1006,210,2024-11-17,Enviada,
1571,854,355,2024-09-06,Rechazada,17
1572,902,80,2024-06-11,Rechazada,22
1573,363,186,2024-09-19,Entrevista,36
1574,954,356,2024-10-11,En revisión,36
1575,1099,134,2024-02-02,Enviada,
1576,559,214,2024-09-27,En revisión,30
1577,109,223,2024-10-21,Enviada,
1578,1025,311,2024-04-19,Entrevista,35
1579,628,80,2024-03-03,En revisión,39
1580,280,263,2024-04-16,Rechazada,26
1581,146,363,2024-08-12,Entrevista,17
1582,245,225,2024-07-24,Enviada,
1583,402,253,2024-10-22,Enviada,
1584,869,18,2024-08-22,En revisión,35
1585,1056,6,2024-03-10,Rechazada,45
1586,823,194,2024-09-29,En revisión,37
1587,754,326,2024-09-26,Enviada,
1588,1194,269,2024-04-04,Enviada,
1589,357,390,2024-06-14,Rechazada,9
1590,1141,351,2024-08-10,En revisión,44
1591,554,43,2024-02-10,Rechazada,6
1592,1182,310,2024-11-11,Enviada,
1593,536,285,2024-09-13,Enviada,
1594,6,360,2024-02-01,Enviada,
1595,1054,400,2024-08-23,Rechazada,32
1596,211,188,2024-10-03,Enviada,
1597,958,333,2024-02-29,Enviada,
1598,966,147,2024-05-26,Enviada,
1599,461,218,2024-11-23,Contratada,24
1600,907,306,2024-04-18,En revisión,42
1601,602,212,2024-02-28,Enviada,
1602,671,35,2024-11-19,Enviada,
1603,2,27,2024-02-27,Rechazada,7
1604,1017,285,2024-02-15,Rechazada,12
1605,25,191,2024-07-28,Enviada,
1606,592,290,2024-05-28,Entrevista,44
1607,360,17,2024-04-29,Enviada,
1608,964,187,2024-09-30,Contratada,18
1609,944,346,2024-07-20,Rechazada,41
1610,472,307,2024-09-19,En revisión,20
1611,522,390,2024-04-18,Enviada,
1612,786,340,2024-06-12,Rechazada,43
1613,340,29,2024-08-26,En revisión,19
1614,232,179,2024-05-19,Rechazada,29
1615,598,21,2024-08-06,Contratada,6
1616,385,123,2024-05-28,Entrevista,29
1617,868,385,2024-11-20,En revisión,44
1618,917,195,2024-08-11,Entrevista,1
1619,1086,164,2024-03-17,En revisión,30
1620,617,307,2024-08-04,Rechazada,34
1621,611,316,2024-10-22,Rechazada,33
1622,162,141,2024-02-18,En revisión,33
1623,120,109,2024-07-22,Contratada,33
1624,821,88,2024-02-24,En revisión,44
1625,729,228,2024-07-19,En revisión,2
1626,1157,317,2024-09-11,Entrevista,14
1627,375,133,2024-06-04,En revisión,21
1628,298,226,2024-03-27,Rechazada,7
1629,239,47,2024-03-01,Rechazada,45
1630,1062,191,2024-03-08,Rechazada,35
1631,513,211,2024-10-19,Rechazada,40
1632,1135,343,2024-07-14,Contratada,39
1633,456,85,2024-08-01,Enviada,
1634,1182,211,2024-05-18,Enviada,
1635,108,338,2024-05-12,Entrevista,42
1636,564,355,2024-10-30,Contratada,1
1637,82,80,2024-09-02,Enviada,
1638,543,80,2024-10-11,En revisión,43
1639,275,5,2024-07-19,En revisión,19
1640,1120,84,2024-10-22,Rechazada,31
1641,1123,53,2024-04-13,Rechazada,5
1642,578,241,2024-06-10,Contratada,39
1643,1106,144,2024-08-16,En revisión,1
1644,604,90,2024-09-21,Entrevista,7
1645,987,370,2024-06-09,Entrevista,44
1646,972,93,2024-09-08,Enviada,
1647,161,235,2024-07-22,Enviada,
1648,1097,25,2024-07-26,Rechazada,10
1649,371,217,2024-09-07,En revisión,40
1650,1032,266,2024-09-20,Entrevista,38
1651,1110,269,2024-09-28,Entrevista,22
1652,601,143,2024-06-12,En revisión,29
1653,604,36,2024-02-03,En revisión,8
1654,279,370,2024-05-20,Contratada,27
1655,7,354,2024-09-10,En revisión,12
1656,930,171,2024-03-04,Rechazada,45
1657,1191,107,2024-06-07,En revisión,34
1658,56,57,2024-06-22,Enviada,
1659,1082,147,2024-10-03,Rechazada,39
1660,497,217,2024-07-28,Rechazada,27
1661,244,36,2024-08-28,Contratada,36
1662,824,70,2024-06-02,Rechazada,4
1663,954,15,2024-07-21,Rechazada,40
1664,517,266,2024-07-11,Enviada,
1665,476,53,2024-04-08,En revisión,9
1666,921,326,2024-06-03,Contratada,16
1667,109,110,2024-05-01,Rechazada,42
1668,1008,35,2024-04-23,Entrevista,19
1669,611,234,2024-07-30,Rechazada,27
1670,386,33,2024-03-25,Rechazada,9
1671,157,108,2024-02-08,Entrevista,32
1672,1116,96,2024-10-07,Entrevista,35
1673,98,203,2024-07-13,En revisión,45
1674,612,178,2024-10-19,Entrevista,22
1675,1052,206,2024-07-31,En revisión,28
1676,668,363,2024-03-12,Rechazada,34
1677,59,85,2024-11-09,Entrevista,44
1678,1070,91,2024-03-10,En revisión,11
1679,1072,361,2024-09-09,Entrevista,38
1680,85,162,2024-06-19,Rechazada,25
1681,1078,390,2024-11-01,En revisión,33
1682,321,355,2024-06-26,Rechazada,29
1683,74,169,2024-06-04,Enviada,
1684,163,343,2024-04-26,En revisión,40
1685,1107,285,2024-09-23,Rechazada,6
1686,344,108,2024-02-09,Rechazada,14
1687,886,196,2024-06-30,Entrevista,9
1688,907,384,2024-08-18,Entrevista,9
1689,876,278,2024-07-23,Rechazada,12
1690,966,74,2024-08-12,Entrevista,2
1691,499,77,2024-10-05,Enviada,
1692,920,288,2024-06-17,En revisión,29
1693,164,381,2024-05-04,Enviada,
1694,1100,117,2024-06-16,Rechazada,41
1695,711,387,2024-08-07,Rechazada,31
1696,498,176,2024-04-29,Rechazada,13
1697,265,232,2024-02-19,Entrevista,4
1698,522,170,2024-10-29,En revisión,23
1699,1197,241,2024-04-05,En revisión,30
1700,452,382,2024-04-05,Entrevista,11
1701,1128,177,2024-09-17,Rechazada,2
1702,640,364,2024-06-10,Enviada,
1703,86,391,2024-04-19,Rechazada,22
1704,701,173,2024-08-29,En revisión,34
1705,457,297,2024-09-22,Rechazada,42
1706,80,151,2024-08-31,Enviada,
1707,977,286,2024-03-07,Entrevista,24
1708,1196,216,2024-06-26,Entrevista,26
1709,943,120,2024-07-25,Entrevista,25
1710,21,153,2024-06-22,Contratada,33
1711,542,383,2024-10-13,Rechazada,15
1712,425,96,2024-03-08,Rechazada,45
1713,334,146,2024-07-19,Entrevista,23
1714,1095,239,2024-09-12,Contratada,2
1715,22,338,2024-04-23,Rechazada,16
1716,537,161,2024-06-22,Entrevista,11
1717,864,141,2024-08-30,Enviada,
1718,50,326,2024-07-15,Entrevista,14
1719,122,44,2024-02-25,Enviada,
1720,462,126,2024-02-15,Entrevista,45
1721,241,124,2024-10-16,Rechazada,32
1722,187,389,2024-11-05,En revisión,15
1723,508,183,2024-02-28,En revisión,21
1724,1123,397,2024-02-20,Contratada,35
1725,35,60,2024-05-22,En revisión,14
1726,937,144,2024-05-12,Rechazada,21
1727,827,235,2024-09-18,Enviada,
1728,1006,85,2024-09-23,Entrevista,5
1729,653,196,2024-09-08,En revisión,43
1730,754,237,2024-11-24,Rechazada,43
1731,606,181,2024-07-24,Contratada,37
1732,703,314,2024-08-07,Entrevista,2
1733,702,166,2024-06-02,Rechazada,45
1734,793,69,2024-03-14,Entrevista,29
1735,235,154,2024-06-26,Entrevista,5
1736,1146,115,2024-04-23,Entrevista,45
1737,641,68,2024-08-06,Rechazada,10
1738,127,233,2024-10-29,Rechazada,42
1739,1026,84,2024-03-10,Rechazada,26
1740,642,50,2024-05-05,Rechazada,6
1741,614,192,2024-07-01,Entrevista,21
1742,306,31,2024-02-21,Rechazada,43
1743,790,392,2024-06-14,Entrevista,30
1744,415,14,2024-11-07,Entrevista,10
1745,615,30,2024-08-04,Enviada,
1746,496,89,2024-03-18,Rechazada,11
1747,583,147,2024-04-29,Enviada,
1748,1194,103,2024-09-11,Contratada,15
1749,594,330,2024-02-12,Rechazada,37
1750,514,47,2024-03-17,Enviada,
1751,1130,20,2024-04-25,En revisión,23
1752,980,293,2024-11-17,En revisión,4
1753,56,145,2024-10-02,Contratada,39
1754,518,46,2024-06-01,Enviada,
1755,316,167,2024-02-05,En revisión,6
1756,1134,305,2024-03-30,Enviada,
1757,418,155,2024-05-30,Rechazada,17
1758,1029,364,2024-03-07,En revisión,13
1759,439,308,2024-09-09,Rechazada,45
1760,361,237,2024-08-31,En revisión,6
1761,381,253,2024-04-06,En revisión,8
1762,239,78,2024-04-25,Enviada,
1763,177,357,2024-10-15,Rechazada,6
1764,459,21,2024-07-06,Enviada,
1765,1148,18,2024-10-27,Enviada,
1766,104,285,2024-10-28,Entrevista,5
1767,1185,195,2024-07-04,Rechazada,24
1768,324,97,2024-11-20,Enviada,
1769,221,347,2024-02-19,Entrevista,33
1770,316,36,2024-05-09,Rechazada,21
1771,804,288,2024-05-16,Rechazada,7
1772,906,78,2024-09-08,En revisión,41
1773,817,251,2024-07-03,Enviada,
1774,142,248,2024-05-22,Enviada,
1775,1123,289,2024-03-30,Enviada,
1776,1037,391,2024-02-19,Entrevista,21
1777,62,58,2024-05-16,En revisión,11
1778,47,391,2024-06-07,Rechazada,18
1779,540,304,2024-02-15,En revisión,32
1780,157,132,2024-10-01,Rechazada,26
1781,707,30,2024-10-11,Rechazada,30
1782,711,385,2024-08-02,Rechazada,42
1783,941,78,2024-08-12,En revisión,14
1784,241,202,2024-05-11,Enviada,
1785,1019,329,2024-03-11,Entrevista,6
1786,113,162,2024-09-13,Rechazada,2
1787,385,389,2024-08-13,Rechazada,14
1788,124,218,2024-09-24,En revisión,2
1789,28,177,2024-06-23,Entrevista,26
1790,813,204,2024-06-05,Rechazada,9
1791,508,112,2024-03-02,Rechazada,2
1792,1010,56,2024-07-12,Rechazada,34
1793,19,14,2024-03-05,Entrevista,18
1794,100,287,2024-06-07,En revisión,12
1795,443,153,2024-02-16,En revisión,26
1796,692,274,2024-06-30,Rechazada,19
1797,1110,356,2024-05-09,Entrevista,40
1798,351,125,2024-02-03,Entrevista,37
1799,1010,96,2024-07-16,Enviada,
1800,1110,355,2024-08-10,Enviada,
1801,1128,173,2024-08-01,Rechazada,21
1802,231,109,2024-03-30,Entrevista,37
1803,862,13,2024-07-09,Contratada,34
1804,339,399,2024-09-07,Rechazada,32
1805,1112,288,2024-11-07,Contratada,32
1806,401,203,2024-05-09,Rechazada,10
1807,493,273,2024-06-12,Enviada,
1808,483,211,2024-08-05,En revisión,34
1809,638,212,2024-06-20,En revisión,34
1810,883,378,2024-06-16,Entrevista,7
1811,805,119,2024-03-17,Entrevista,9
1812,80,205,2024-09-22,En revisión,22
1813,707,87,2024-10-04,Entrevista,26
1814,77,63,2024-10-20,En revisión,20
1815,10,263,2024-06-17,Enviada,
1816,519,41,2024-05-02,En revisión,35
1817,231,362,2024-05-20,En revisión,45
1818,777,36,2024-11-02,Enviada,
1819,781,61,2024-08-16,Enviada,
1820,64,102,2024-03-10,Rechazada,6
1821,1058,312,2024-02-12,Enviada,
1822,682,175,2024-06-18,En revisión,25
1823,719,133,2024-08-22,Enviada,
1824,1026,127,2024-06-10,En revisión,15
1825,1024,232,2024-06-16,Enviada,
1826,56,102,2024-06-19,En revisión,41
1827,645,144,2024-11-17,Contratada,23
1828,841,218,2024-05-29,Enviada,
1829,15,45,2024-08-30,Enviada,
1830,282,78,2024-04-17,Entrevista,15
1831,1071,193,2024-09-29,Rechazada,18
1832,258,354,2024-09-15,Enviada,
1833,426,200,2024-05-29,Rechazada,35
1834,753,337,2024-02-29,Rechazada,38
1835,666,348,2024-02-11,Entrevista,38
1836,397,133,2024-11-20,Enviada,
1837,175,209,2024-08-03,Rechazada,3
1838,1114,59,2024-08-29,Enviada,
1839,532,386,2024-02-10,Rechazada,16
1840,564,271,2024-11-14,Entrevista,18
1841,387,382,2024-09-25,Contratada,3
1842,32,354,2024-10-07,En revisión,37
1843,678,365,2024-07-21,Rechazada,8
1844,625,93,2024-07-31,Entrevista,17
1845,584,314,2024-09-07,Rechazada,37
1846,675,151,2024-03-15,Enviada,
1847,975,357,2024-07-31,Rechazada,28
1848,268,244,2024-10-14,En revisión,1
1849,25,58,2024-03-06,En revisión,42
1850,916,105,2024-09-24,En revisión,38
1851,583,357,2024-11-26,Rechazada,12
1852,480,161,2024-08-28,Rechazada,14
1853,1129,117,2024-09-04,Rechazada,18
1854,1054,311,2024-03-18,Entrevista,44
1855,95,28,2024-02-07,Enviada,
1856,953,285,2024-03-24,Contratada,9
1857,582,326,2024-09-17,Rechazada,26
1858,154,378,2024-02-21,Rechazada,18
1859,1160,155,2024-03-18,Entrevista,45
1860,591,89,2024-06-05,Entrevista,21
1861,719,397,2024-11-04,Enviada,
1862,414,328,2024-04-27,En revisión,44
1863,1096,242,2024-08-26,Rechazada,43
1864,1008,294,2024-04-04,Contratada,43
1865,427,25,2024-08-31,Contratada,21
1866,775,141,2024-09-29,Entrevista,7
1867,170,175,2024-04-07,Entrevista,5
1868,1075,240,2024-10-25,Contratada,39
1869,569,38,2024-02-02,Contratada,32
1870,1182,62,2024-09-01,Enviada,
1871,245,39,2024-08-24,En revisión,17
1872,522,196,2024-03-13,Rechazada,7
1873,1194,259,2024-11-22,En revisión,30
1874,744,156,2024-07-04,Enviada,
1875,1003,109,2024-10-22,Contratada,35
1876,690,364,2024-10-12,Enviada,
1877,989,150,2024-10-11,Entrevista,30
1878,10,29,2024-11-13,Entrevista,8
1879,302,175,2024-07-21,En revisión,7
1880,322,45,2024-11-11,Rechazada,2
1881,1128,84,2024-08-26,Rechazada,31
1882,1171,300,2024-08-28,Enviada,
1883,832,211,2024-04-16,Rechazada,35
1884,882,185,2024-05-15,Contratada,36
1885,441,293,2024-08-03,Entrevista,30
1886,130,210,2024-10-29,En revisión,9
1887,223,394,2024-02-08,Rechazada,13
1888,968,5,2024-02-11,Rechazada,29
1889,96,126,2024-03-03,Entrevista,34
1890,1049,385,2024-09-10,Rechazada,38
1891,461,85,2024-02-18,Enviada,
1892,1169,264,2024-10-16,En revisión,18
1893,317,345,2024-09-10,Rechazada,32
1894,624,277,2024-08-28,En revisión,44
1895,361,316,2024-03-02,En revisión,31
1896,587,345,2024-07-24,Rechazada,26
1897,649,227,2024-09-29,Enviada,
1898,810,185,2024-03-17,Rechazada,39
1899,1045,83,2024-09-16,Entrevista,38
1900,556,256,2024-07-29,Entrevista,1
1901,83,100,2024-04-08,En revisión,10
1902,125,96,2024-05-02,En revisión,26
1903,463,30,2024-08-18,En revisión,43
1904,524,177,2024-08-09,Enviada,
1905,908,115,2024-02-17,En revisión,30
1906,81,376,2024-07-21,En revisión,6
1907,887,264,2024-04-17,En revisión,18
1908,953,205,2024-08-07,Rechazada,8
1909,257,176,2024-05-13,Rechazada,31
1910,1178,304,2024-03-03,Contratada,23
1911,430,205,2024-08-27,Rechazada,39
1912,428,100,2024-09-10,Enviada,
1913,473,112,2024-04-07,Contratada,10
1914,1092,182,2024-04-22,Rechazada,34
1915,473,239,2024-05-23,Enviada,
1916,1019,346,2024-07-22,Enviada,
1917,1188,107,2024-05-30,Enviada,
1918,470,368,2024-02-28,Entrevista,1
1919,1113,355,2024-04-13,Entrevista,42
1920,426,129,2024-02-18,Contratada,14
1921,913,6,2024-05-08,En revisión,15
1922,403,350,2024-11-02,Enviada,
1923,1054,108,2024-08-06,Entrevista,26
1924,169,66,2024-10-07,En revisión,36
1925,26,138,2024-09-13,Entrevista,7
1926,1073,364,2024-08-09,Entrevista,44
1927,233,245,2024-11-19,Contratada,43
1928,790,277,2024-08-16,Enviada,
1929,606,190,2024-08-01,Rechazada,20
1930,620,373,2024-04-14,Rechazada,7
1931,753,251,2024-11-03,Rechazada,15
1932,950,318,2024-09-10,Rechazada,19
1933,62,166,2024-04-15,En revisión,41
1934,923,102,2024-09-07,Entrevista,34
1935,1085,186,2024-06-14,Entrevista,9
1936,1078,285,2024-11-19,En revisión,3
1937,453,309,2024-09-27,Entrevista,44
1938,1061,112,2024-03-13,Rechazada,45
1939,763,12,2024-03-20,En revisión,39
1940,1045,192,2024-09-03,Rechazada,23
1941,744,400,2024-02-16,Enviada,
1942,262,170,2024-09-11,Enviada,
1943,890,378,2024-08-26,Entrevista,41
1944,76,207,2024-05-25,Entrevista,20
1945,1013,214,2024-07-02,Entrevista,37
1946,1182,348,2024-06-06,Entrevista,10
1947,1146,299,2024-03-17,En revisión,1
1948,474,271,2024-07-08,En revisión,10
1949,962,196,2024-03-24,Enviada,
1950,667,181,2024-08-24,Entrevista,16
1951,905,152,2024-08-31,En revisión,15
1952,527,315,2024-06-27,En revisión,1
1953,412,285,2024-07-14,Entrevista,19
1954,850,186,2024-08-07,En revisión,13
1955,153,241,2024-10-09,Enviada,
1956,445,17,2024-03-18,Enviada,
1957,33,340,2024-09-27,Enviada,
1958,418,195,2024-05-24,Rechazada,44
1959,344,180,2024-09-24,Rechazada,14
1960,381,88,2024-05-15,Contratada,19
1961,1035,232,2024-05-20,En revisión,39
1962,134,219,2024-02-03,Rechazada,7
1963,1189,64,2024-02-06,Enviada,
1964,620,281,2024-08-21,Entrevista,2
1965,906,107,2024-04-19,Contratada,27
1966,634,156,2024-09-17,Contratada,36
1967,1170,322,2024-09-28,Rechazada,33
1968,732,315,2024-06-23,En revisión,6
1969,992,221,2024-02-12,Rechazada,39
1970,406,254,2024-08-31,Enviada,
1971,600,395,2024-08-06,Rechazada,41
1972,1146,56,2024-07-29,Enviada,
1973,1006,127,2024-09-02,Rechazada,28
1974,1177,154,2024-10-10,En revisión,14
1975,479,277,2024-11-08,En revisión,4
1976,667,67,2024-11-20,Entrevista,2
1977,680,200,2024-03-16,En revisión,36
1978,392,227,2024-07-05,Entrevista,29
1979,907,47,2024-11-03,Entrevista,33
1980,485,228,2024-06-15,En revisión,23
1981,89,311,2024-10-18,Rechazada,21
1982,439,258,2024-04-21,Enviada,
1983,663,30,2024-02-24,Enviada,
1984,1048,293,2024-08-18,Entrevista,18
1985,806,312,2024-04-25,Contratada,17
1986,456,153,2024-05-29,Rechazada,23
1987,515,271,2024-07-18,En revisión,12
1988,230,96,2024-08-01,Rechazada,25
1989,66,121,2024-03-04,Entrevista,1
1990,1068,280,2024-07-19,Enviada,
1991,636,215,2024-08-14,Entrevista,28
1992,2,154,2024-03-02,Entrevista,14
1993,977,207,2024-06-21,En revisión,30
1994,882,377,2024-04-03,Contratada,43
1995,168,219,2024-05-01,Enviada,
1996,238,174,2024-06-01,Enviada,
1997,1177,349,2024-07-10,En revisión,23
1998,1129,210,2024-03-07,Rechazada,41
1999,1154,328,2024-07-04,Enviada,
2000,252,161,2024-05-24,Entrevista,14
